"UserName","Name","DNSHostName","Enabled","IPv4Address","Operating System","Logon Age (days)","Password Age (days)","Dormant (> 90 days)","Password Age (> 30 days)","Delegation Type","Delegation Protocol","Delegation Services","Primary Group ID","SID","SIDHistory","Description","ms-ds-CreatorSid","Last Logon Date","Password LastSet","UserAccountControl","whenCreated","whenChanged","Distinguished Name"
"DC1$","DC1","DC1.LAB.local","True",,"Windows Server 2016 Essentials 10.0 (14393)","5","22","False","False",,,,"516","S-1-5-21-3291825774-2351178969-2332353497-1002","","",,"8/27/2020 11:54:03 AM","8/10/2020 8:37:40 PM","532480","8/10/2020 8:37:14 PM","8/27/2020 11:54:03 AM","CN=DC1,OU=Domain Controllers,DC=LAB,DC=local"
"WIN10$","WIN10","win10.LAB.local","True",,"Windows 10 Enterprise Evaluation 10.0 (17763)","5","22","False","False",,,,"515","S-1-5-21-3291825774-2351178969-2332353497-1117","","",,"8/27/2020 11:54:04 AM","8/10/2020 9:17:45 PM","4096","8/10/2020 9:17:45 PM","8/27/2020 4:45:31 PM","CN=WIN10,OU=workstation_test_OU,DC=LAB,DC=local"
"AWSWWKS1000000$","AWSWWKS1000000",,"True",,"-",,"5","False","False",,,,"515","S-1-5-21-3291825774-2351178969-2332353497-4144","","Created with secframe.com/badblood.",,,"8/27/2020 7:31:34 PM","4096","8/27/2020 7:31:34 PM","8/27/2020 7:31:34 PM","CN=AWSWWKS1000000,OU=SEC,OU=Tier 1,DC=LAB,DC=local"
"HREWAPPS1000000$","HREWAPPS1000000",,"True",,"-",,"5","False","False",,,,"515","S-1-5-21-3291825774-2351178969-2332353497-4132","","Created with secframe.com/badblood.",,,"8/27/2020 7:31:23 PM","4096","8/27/2020 7:31:23 PM","8/27/2020 7:31:23 PM","CN=HREWAPPS1000000,OU=Test,OU=FSR,OU=Tier 2,DC=LAB,DC=local"
"AWSWAPPS1000001$","AWSWAPPS1000001",,"True",,"-",,"5","False","False",,,,"515","S-1-5-21-3291825774-2351178969-2332353497-4158","","Created with secframe.com/badblood.",,,"8/27/2020 7:31:48 PM","4096","8/27/2020 7:31:48 PM","8/27/2020 7:31:48 PM","CN=AWSWAPPS1000001,OU=Test,OU=HRE,OU=Tier 2,DC=LAB,DC=local"
"FSRWAPPS1000000$","FSRWAPPS1000000",,"True",,"-",,"5","False","False",,,,"515","S-1-5-21-3291825774-2351178969-2332353497-4133","","Created with secframe.com/badblood.",,,"8/27/2020 7:31:23 PM","4096","8/27/2020 7:31:23 PM","8/27/2020 7:31:24 PM","CN=FSRWAPPS1000000,OU=Devices,OU=HRE,OU=Stage,DC=LAB,DC=local"
"ESMWCTRX1000000$","ESMWCTRX1000000",,"True",,"-",,"5","False","False",,,,"515","S-1-5-21-3291825774-2351178969-2332353497-4145","","Created with secframe.com/badblood.",,,"8/27/2020 7:31:36 PM","4096","8/27/2020 7:31:36 PM","8/27/2020 7:31:36 PM","CN=ESMWCTRX1000000,OU=Devices,OU=BDE,OU=Tier 2,DC=LAB,DC=local"
"ESMWWEBS1000000$","ESMWWEBS1000000",,"True",,"-",,"5","False","False",,,,"515","S-1-5-21-3291825774-2351178969-2332353497-4146","","Created with secframe.com/badblood.",,,"8/27/2020 7:31:37 PM","4096","8/27/2020 7:31:37 PM","8/27/2020 7:31:37 PM","CN=ESMWWEBS1000000,OU=Test,OU=ITS,OU=Stage,DC=LAB,DC=local"
"ITSWVIR1000001$","ITSWVIR1000001",,"True",,"-",,"5","False","False",,,,"515","S-1-5-21-3291825774-2351178969-2332353497-4172","","Created with secframe.com/badblood.",,,"8/27/2020 7:32:03 PM","4096","8/27/2020 7:32:03 PM","8/27/2020 7:32:03 PM","CN=ITSWVIR1000001,OU=Groups,OU=ITS,OU=Tier 2,DC=LAB,DC=local"
"ESMWLPT1000000$","ESMWLPT1000000",,"True",,"-",,"5","False","False",,,,"515","S-1-5-21-3291825774-2351178969-2332353497-4134","","Created with secframe.com/badblood.",,,"8/27/2020 7:31:24 PM","4096","8/27/2020 7:31:24 PM","8/27/2020 7:31:24 PM","CN=ESMWLPT1000000,OU=FSR,OU=Stage,DC=LAB,DC=local"
"AZRWLPT1000001$","AZRWLPT1000001",,"True",,"-",,"5","False","False",,,,"515","S-1-5-21-3291825774-2351178969-2332353497-4186","","Created with secframe.com/badblood.",,,"8/27/2020 7:32:18 PM","4096","8/27/2020 7:32:18 PM","8/27/2020 7:32:18 PM","CN=AZRWLPT1000001,OU=HRE,OU=Tier 1,DC=LAB,DC=local"
"FSRWLPT1000000$","FSRWLPT1000000",,"True",,"-",,"5","False","False",,,,"515","S-1-5-21-3291825774-2351178969-2332353497-4147","","Created with secframe.com/badblood.",,,"8/27/2020 7:31:38 PM","4096","8/27/2020 7:31:38 PM","8/27/2020 7:31:38 PM","CN=FSRWLPT1000000,OU=ServiceAccounts,OU=ESM,OU=Stage,DC=LAB,DC=local"
"HREWDBAS1000000$","HREWDBAS1000000",,"True",,"-",,"5","False","False",,,,"515","S-1-5-21-3291825774-2351178969-2332353497-4173","","Created with secframe.com/badblood.",,,"8/27/2020 7:32:04 PM","4096","8/27/2020 7:32:04 PM","8/27/2020 7:32:04 PM","CN=HREWDBAS1000000,OU=OGC,OU=People,DC=LAB,DC=local"
"SECWVIR1000000$","SECWVIR1000000",,"True",,"-",,"5","False","False",,,,"515","S-1-5-21-3291825774-2351178969-2332353497-4135","","Created with secframe.com/badblood.",,,"8/27/2020 7:31:26 PM","4096","8/27/2020 7:31:26 PM","8/27/2020 7:31:26 PM","CN=SECWVIR1000000,OU=OGC,OU=Tier 1,DC=LAB,DC=local"
"ITSWVIR1000000$","ITSWVIR1000000",,"True",,"-",,"5","False","False",,,,"515","S-1-5-21-3291825774-2351178969-2332353497-4148","","Created with secframe.com/badblood.",,,"8/27/2020 7:31:39 PM","4096","8/27/2020 7:31:39 PM","8/27/2020 7:31:39 PM","CN=ITSWVIR1000000,OU=Groups,OU=ESM,OU=Tier 2,DC=LAB,DC=local"
"OGCWSECS1000000$","OGCWSECS1000000",,"True",,"-",,"5","False","False",,,,"515","S-1-5-21-3291825774-2351178969-2332353497-4187","","Created with secframe.com/badblood.",,,"8/27/2020 7:32:19 PM","4096","8/27/2020 7:32:19 PM","8/27/2020 7:32:19 PM","CN=OGCWSECS1000000,OU=Groups,OU=BDE,OU=Tier 1,DC=LAB,DC=local"
"OGCWWKS1000001$","OGCWWKS1000001",,"True",,"-",,"5","False","False",,,,"515","S-1-5-21-3291825774-2351178969-2332353497-4214","","Created with secframe.com/badblood.",,,"8/27/2020 7:32:48 PM","4096","8/27/2020 7:32:48 PM","8/27/2020 7:32:48 PM","CN=OGCWWKS1000001,OU=T0-Devices,OU=Tier 0,OU=Admin,DC=LAB,DC=local"
"TSTWWKS1000000$","TSTWWKS1000000",,"True",,"-",,"5","False","False",,,,"515","S-1-5-21-3291825774-2351178969-2332353497-4136","","Created with secframe.com/badblood.",,,"8/27/2020 7:31:27 PM","4096","8/27/2020 7:31:27 PM","8/27/2020 7:31:27 PM","CN=TSTWWKS1000000,OU=ServiceAccounts,OU=AWS,OU=Stage,DC=LAB,DC=local"
"ITSWWKS1000000$","ITSWWKS1000000",,"True",,"-",,"5","False","False",,,,"515","S-1-5-21-3291825774-2351178969-2332353497-4174","","Created with secframe.com/badblood.",,,"8/27/2020 7:32:05 PM","4096","8/27/2020 7:32:05 PM","8/27/2020 7:32:05 PM","CN=ITSWWKS1000000,OU=ServiceAccounts,OU=AWS,OU=Stage,DC=LAB,DC=local"
"FSRWCTRX1000000$","FSRWCTRX1000000",,"True",,"-",,"5","False","False",,,,"515","S-1-5-21-3291825774-2351178969-2332353497-4200","","Created with secframe.com/badblood.",,,"8/27/2020 7:32:31 PM","4096","8/27/2020 7:32:31 PM","8/27/2020 7:32:31 PM","CN=FSRWCTRX1000000,OU=AWS,OU=Tier 2,DC=LAB,DC=local"
"SECWWEBS1000000$","SECWWEBS1000000",,"True",,"-",,"5","False","False",,,,"515","S-1-5-21-3291825774-2351178969-2332353497-4149","","Created with secframe.com/badblood.",,,"8/27/2020 7:31:40 PM","4096","8/27/2020 7:31:40 PM","8/27/2020 7:31:40 PM","CN=SECWWEBS1000000,OU=Admin,DC=LAB,DC=local"
"GOOWCTRX1000002$","GOOWCTRX1000002",,"True",,"-",,"5","False","False",,,,"515","S-1-5-21-3291825774-2351178969-2332353497-4228","","Created with secframe.com/badblood.",,,"8/27/2020 7:33:03 PM","4096","8/27/2020 7:33:03 PM","8/27/2020 7:33:03 PM","CN=GOOWCTRX1000002,OU=OGC,OU=Tier 1,DC=LAB,DC=local"
"AWSWSECS1000001$","AWSWSECS1000001",,"True",,"-",,"5","False","False",,,,"515","S-1-5-21-3291825774-2351178969-2332353497-4215","","Created with secframe.com/badblood.",,,"8/27/2020 7:32:50 PM","4096","8/27/2020 7:32:49 PM","8/27/2020 7:32:50 PM","CN=AWSWSECS1000001,OU=Groups,OU=BDE,OU=Tier 2,DC=LAB,DC=local"
"AZRWVIR1000000$","AZRWVIR1000000",,"True",,"-",,"5","False","False",,,,"515","S-1-5-21-3291825774-2351178969-2332353497-4137","","Created with secframe.com/badblood.",,,"8/27/2020 7:31:28 PM","4096","8/27/2020 7:31:28 PM","8/27/2020 7:31:28 PM","CN=AZRWVIR1000000,OU=Devices,OU=TST,OU=Tier 2,DC=LAB,DC=local"
"GOOWAPPS1000000$","GOOWAPPS1000000",,"True",,"-",,"5","False","False",,,,"515","S-1-5-21-3291825774-2351178969-2332353497-4175","","Created with secframe.com/badblood.",,,"8/27/2020 7:32:06 PM","4096","8/27/2020 7:32:06 PM","8/27/2020 7:32:06 PM","CN=GOOWAPPS1000000,OU=FIN,OU=Tier 2,DC=LAB,DC=local"
"HREWLPT1000001$","HREWLPT1000001",,"True",,"-",,"5","False","False",,,,"515","S-1-5-21-3291825774-2351178969-2332353497-4242","","Created with secframe.com/badblood.",,,"8/27/2020 7:33:18 PM","4096","8/27/2020 7:33:18 PM","8/27/2020 7:33:18 PM","CN=HREWLPT1000001,OU=Devices,OU=FSR,OU=Tier 1,DC=LAB,DC=local"
"TSTWVIR1000001$","TSTWVIR1000001",,"True",,"-",,"5","False","False",,,,"515","S-1-5-21-3291825774-2351178969-2332353497-4229","","Created with secframe.com/badblood.",,,"8/27/2020 7:33:04 PM","4096","8/27/2020 7:33:04 PM","8/27/2020 7:33:04 PM","CN=TSTWVIR1000001,OU=Test,OU=HRE,OU=Tier 2,DC=LAB,DC=local"
"SECWWEBS1000001$","SECWWEBS1000001",,"True",,"-",,"5","False","False",,,,"515","S-1-5-21-3291825774-2351178969-2332353497-4216","","Created with secframe.com/badblood.",,,"8/27/2020 7:32:50 PM","4096","8/27/2020 7:32:50 PM","8/27/2020 7:32:50 PM","CN=SECWWEBS1000001,OU=Unassociated,OU=People,DC=LAB,DC=local"
"HREWAPPS1000001$","HREWAPPS1000001",,"True",,"-",,"5","False","False",,,,"515","S-1-5-21-3291825774-2351178969-2332353497-4138","","Created with secframe.com/badblood.",,,"8/27/2020 7:31:29 PM","4096","8/27/2020 7:31:29 PM","8/27/2020 7:31:29 PM","CN=HREWAPPS1000001,OU=T0-Servers,OU=Tier 0,OU=Admin,DC=LAB,DC=local"
"ITSWVIR1000003$","ITSWVIR1000003",,"True",,"-",,"5","False","False",,,,"515","S-1-5-21-3291825774-2351178969-2332353497-4201","","Created with secframe.com/badblood.",,,"8/27/2020 7:32:33 PM","4096","8/27/2020 7:32:33 PM","8/27/2020 7:32:33 PM","CN=ITSWVIR1000003,OU=Test,OU=AZR,OU=Tier 1,DC=LAB,DC=local"
"TSTWLPT1000001$","TSTWLPT1000001",,"True",,"-",,"5","False","False",,,,"515","S-1-5-21-3291825774-2351178969-2332353497-4176","","Created with secframe.com/badblood.",,,"8/27/2020 7:32:07 PM","4096","8/27/2020 7:32:07 PM","8/27/2020 7:32:07 PM","CN=TSTWLPT1000001,OU=SEC,OU=Tier 2,DC=LAB,DC=local"
"AZRWSECS1000000$","AZRWSECS1000000",,"True",,"-",,"5","False","False",,,,"515","S-1-5-21-3291825774-2351178969-2332353497-4243","","Created with secframe.com/badblood.",,,"8/27/2020 7:33:19 PM","4096","8/27/2020 7:33:19 PM","8/27/2020 7:33:19 PM","CN=AZRWSECS1000000,OU=Test,OU=FIN,OU=Tier 1,DC=LAB,DC=local"
"BDEWLPT1000001$","BDEWLPT1000001",,"True",,"-",,"5","False","False",,,,"515","S-1-5-21-3291825774-2351178969-2332353497-4217","","Created with secframe.com/badblood.",,,"8/27/2020 7:32:52 PM","4096","8/27/2020 7:32:52 PM","8/27/2020 7:32:52 PM","CN=BDEWLPT1000001,OU=Test,OU=FSR,OU=Tier 2,DC=LAB,DC=local"
"AZRWDBAS1000000$","AZRWDBAS1000000",,"True",,"-",,"5","False","False",,,,"515","S-1-5-21-3291825774-2351178969-2332353497-4230","","Created with secframe.com/badblood.",,,"8/27/2020 7:33:05 PM","4096","8/27/2020 7:33:05 PM","8/27/2020 7:33:05 PM","CN=AZRWDBAS1000000,OU=Devices,OU=ESM,OU=Tier 2,DC=LAB,DC=local"
"FINWDBAS1000000$","FINWDBAS1000000",,"True",,"-",,"5","False","False",,,,"515","S-1-5-21-3291825774-2351178969-2332353497-4159","","Created with secframe.com/badblood.",,,"8/27/2020 7:31:49 PM","4096","8/27/2020 7:31:49 PM","8/27/2020 7:31:49 PM","CN=FINWDBAS1000000,OU=ESM,OU=People,DC=LAB,DC=local"
"FSRWLPT1000003$","FSRWLPT1000003",,"True",,"-",,"5","False","False",,,,"515","S-1-5-21-3291825774-2351178969-2332353497-4177","","Created with secframe.com/badblood.",,,"8/27/2020 7:32:08 PM","4096","8/27/2020 7:32:08 PM","8/27/2020 7:32:08 PM","CN=FSRWLPT1000003,OU=ServiceAccounts,OU=SEC,OU=Tier 2,DC=LAB,DC=local"
"AZRWAPPS1000001$","AZRWAPPS1000001",,"True",,"-",,"5","False","False",,,,"515","S-1-5-21-3291825774-2351178969-2332353497-4244","","Created with secframe.com/badblood.",,,"8/27/2020 7:33:21 PM","4096","8/27/2020 7:33:21 PM","8/27/2020 7:33:21 PM","CN=AZRWAPPS1000001,OU=Groups,OU=ESM,OU=Tier 2,DC=LAB,DC=local"
"TSTWWEBS1000000$","TSTWWEBS1000000",,"True",,"-",,"5","False","False",,,,"515","S-1-5-21-3291825774-2351178969-2332353497-4160","","Created with secframe.com/badblood.",,,"8/27/2020 7:31:50 PM","4096","8/27/2020 7:31:50 PM","8/27/2020 7:31:50 PM","CN=TSTWWEBS1000000,OU=OGC,OU=Tier 2,DC=LAB,DC=local"
"HREWAPPS1000002$","HREWAPPS1000002",,"True",,"-",,"5","False","False",,,,"515","S-1-5-21-3291825774-2351178969-2332353497-4231","","Created with secframe.com/badblood.",,,"8/27/2020 7:33:06 PM","4096","8/27/2020 7:33:06 PM","8/27/2020 7:33:06 PM","CN=HREWAPPS1000002,OU=FIN,OU=Tier 2,DC=LAB,DC=local"
"AZRWLPT1000000$","AZRWLPT1000000",,"True",,"-",,"5","False","False",,,,"515","S-1-5-21-3291825774-2351178969-2332353497-4178","","Created with secframe.com/badblood.",,,"8/27/2020 7:32:09 PM","4096","8/27/2020 7:32:08 PM","8/27/2020 7:32:09 PM","CN=AZRWLPT1000000,OU=Test,OU=AZR,OU=Tier 1,DC=LAB,DC=local"
"GOOWCTRX1000001$","GOOWCTRX1000001",,"True",,"-",,"5","False","False",,,,"515","S-1-5-21-3291825774-2351178969-2332353497-4202","","Created with secframe.com/badblood.",,,"8/27/2020 7:32:34 PM","4096","8/27/2020 7:32:34 PM","8/27/2020 7:32:34 PM","CN=GOOWCTRX1000001,OU=Devices,OU=ITS,OU=Stage,DC=LAB,DC=local"
"AWSWCTRX1000000$","AWSWCTRX1000000",,"True",,"-",,"5","False","False",,,,"515","S-1-5-21-3291825774-2351178969-2332353497-4139","","Created with secframe.com/badblood.",,,"8/27/2020 7:31:29 PM","4096","8/27/2020 7:31:29 PM","8/27/2020 7:31:30 PM","CN=AWSWCTRX1000000,OU=.SecFrame.com,DC=LAB,DC=local"
"FSRWWEBS1000000$","FSRWWEBS1000000",,"True",,"-",,"5","False","False",,,,"515","S-1-5-21-3291825774-2351178969-2332353497-4245","","Created with secframe.com/badblood.",,,"8/27/2020 7:33:22 PM","4096","8/27/2020 7:33:22 PM","8/27/2020 7:33:22 PM","CN=FSRWWEBS1000000,OU=T0-Accounts,OU=Tier 0,OU=Admin,DC=LAB,DC=local"
"HREWSECS1000000$","HREWSECS1000000",,"True",,"-",,"5","False","False",,,,"515","S-1-5-21-3291825774-2351178969-2332353497-4161","","Created with secframe.com/badblood.",,,"8/27/2020 7:31:51 PM","4096","8/27/2020 7:31:51 PM","8/27/2020 7:31:51 PM","CN=HREWSECS1000000,OU=Devices,OU=SEC,OU=Stage,DC=LAB,DC=local"
"BDEWLPT1000000$","BDEWLPT1000000",,"True",,"-",,"5","False","False",,,,"515","S-1-5-21-3291825774-2351178969-2332353497-4179","","Created with secframe.com/badblood.",,,"8/27/2020 7:32:10 PM","4096","8/27/2020 7:32:10 PM","8/27/2020 7:32:10 PM","CN=BDEWLPT1000000,OU=T0-Accounts,OU=Tier 0,OU=Admin,DC=LAB,DC=local"
"AZRWWKS1000000$","AZRWWKS1000000",,"True",,"-",,"5","False","False",,,,"515","S-1-5-21-3291825774-2351178969-2332353497-4232","","Created with secframe.com/badblood.",,,"8/27/2020 7:33:07 PM","4096","8/27/2020 7:33:07 PM","8/27/2020 7:33:07 PM","CN=AZRWWKS1000000,OU=ServiceAccounts,OU=BDE,OU=Tier 1,DC=LAB,DC=local"
"OGCWWKS1000002$","OGCWWKS1000002",,"True",,"-",,"5","False","False",,,,"515","S-1-5-21-3291825774-2351178969-2332353497-4218","","Created with secframe.com/badblood.",,,"8/27/2020 7:32:53 PM","4096","8/27/2020 7:32:53 PM","8/27/2020 7:32:53 PM","CN=OGCWWKS1000002,OU=Test,OU=SEC,OU=Tier 2,DC=LAB,DC=local"
"TSTWLPT1000000$","TSTWLPT1000000",,"True",,"-",,"5","False","False",,,,"515","S-1-5-21-3291825774-2351178969-2332353497-4140","","Created with secframe.com/badblood.",,,"8/27/2020 7:31:30 PM","4096","8/27/2020 7:31:30 PM","8/27/2020 7:31:30 PM","CN=TSTWLPT1000000,OU=Groups,OU=BDE,OU=Stage,DC=LAB,DC=local"
"GOOWWEBS1000000$","GOOWWEBS1000000",,"True",,"-",,"5","False","False",,,,"515","S-1-5-21-3291825774-2351178969-2332353497-4188","","Created with secframe.com/badblood.",,,"8/27/2020 7:32:20 PM","4096","8/27/2020 7:32:20 PM","8/27/2020 7:32:20 PM","CN=GOOWWEBS1000000,OU=Groups,OU=OGC,OU=Tier 2,DC=LAB,DC=local"
"FINWDBAS1000002$","FINWDBAS1000002",,"True",,"-",,"5","False","False",,,,"515","S-1-5-21-3291825774-2351178969-2332353497-4246","","Created with secframe.com/badblood.",,,"8/27/2020 7:33:23 PM","4096","8/27/2020 7:33:23 PM","8/27/2020 7:33:23 PM","CN=FINWDBAS1000002,OU=Devices,OU=FSR,OU=Tier 1,DC=LAB,DC=local"
"TSTWVIR1000000$","TSTWVIR1000000",,"True",,"-",,"5","False","False",,,,"515","S-1-5-21-3291825774-2351178969-2332353497-4162","","Created with secframe.com/badblood.",,,"8/27/2020 7:31:52 PM","4096","8/27/2020 7:31:52 PM","8/27/2020 7:31:52 PM","CN=TSTWVIR1000000,OU=Test,OU=OGC,OU=Tier 2,DC=LAB,DC=local"
"SECWLPT1000000$","SECWLPT1000000",,"True",,"-",,"5","False","False",,,,"515","S-1-5-21-3291825774-2351178969-2332353497-4180","","Created with secframe.com/badblood.",,,"8/27/2020 7:32:11 PM","4096","8/27/2020 7:32:11 PM","8/27/2020 7:32:11 PM","CN=SECWLPT1000000,OU=Devices,OU=ESM,OU=Tier 1,DC=LAB,DC=local"
"BDEWVIR1000002$","BDEWVIR1000002",,"True",,"-",,"5","False","False",,,,"515","S-1-5-21-3291825774-2351178969-2332353497-4219","","Created with secframe.com/badblood.",,,"8/27/2020 7:32:54 PM","4096","8/27/2020 7:32:54 PM","8/27/2020 7:32:54 PM","CN=BDEWVIR1000002,OU=ServiceAccounts,OU=BDE,OU=Stage,DC=LAB,DC=local"
"ITSWDBAS1000000$","ITSWDBAS1000000",,"True",,"-",,"5","False","False",,,,"515","S-1-5-21-3291825774-2351178969-2332353497-4141","","Created with secframe.com/badblood.",,,"8/27/2020 7:31:32 PM","4096","8/27/2020 7:31:32 PM","8/27/2020 7:31:32 PM","CN=ITSWDBAS1000000,OU=ServiceAccounts,OU=OGC,OU=Stage,DC=LAB,DC=local"
"FINWCTRX1000000$","FINWCTRX1000000",,"True",,"-",,"5","False","False",,,,"515","S-1-5-21-3291825774-2351178969-2332353497-4189","","Created with secframe.com/badblood.",,,"8/27/2020 7:32:21 PM","4096","8/27/2020 7:32:21 PM","8/27/2020 7:32:21 PM","CN=FINWCTRX1000000,OU=Test,OU=FIN,OU=Tier 2,DC=LAB,DC=local"
"BDEWVIR1000003$","BDEWVIR1000003",,"True",,"-",,"5","False","False",,,,"515","S-1-5-21-3291825774-2351178969-2332353497-4233","","Created with secframe.com/badblood.",,,"8/27/2020 7:33:08 PM","4096","8/27/2020 7:33:08 PM","8/27/2020 7:33:08 PM","CN=BDEWVIR1000003,OU=ServiceAccounts,OU=SEC,OU=Tier 1,DC=LAB,DC=local"
"FINWLPT1000001$","FINWLPT1000001",,"True",,"-",,"5","False","False",,,,"515","S-1-5-21-3291825774-2351178969-2332353497-4247","","Created with secframe.com/badblood.",,,"8/27/2020 7:33:24 PM","4096","8/27/2020 7:33:24 PM","8/27/2020 7:33:24 PM","CN=FINWLPT1000001,OU=FIN,OU=Tier 2,DC=LAB,DC=local"
"AWSWLPT1000001$","AWSWLPT1000001",,"True",,"-",,"5","False","False",,,,"515","S-1-5-21-3291825774-2351178969-2332353497-4181","","Created with secframe.com/badblood.",,,"8/27/2020 7:32:12 PM","4096","8/27/2020 7:32:12 PM","8/27/2020 7:32:12 PM","CN=AWSWLPT1000001,OU=T1-Devices,OU=Tier 1,OU=Admin,DC=LAB,DC=local"
"ESMWCTRX1000001$","ESMWCTRX1000001",,"True",,"-",,"5","False","False",,,,"515","S-1-5-21-3291825774-2351178969-2332353497-4163","","Created with secframe.com/badblood.",,,"8/27/2020 7:31:52 PM","4096","8/27/2020 7:31:52 PM","8/27/2020 7:31:53 PM","CN=ESMWCTRX1000001,OU=ServiceAccounts,OU=TST,OU=Tier 1,DC=LAB,DC=local"
"ESMWLPT1000001$","ESMWLPT1000001",,"True",,"-",,"5","False","False",,,,"515","S-1-5-21-3291825774-2351178969-2332353497-4142","","Created with secframe.com/badblood.",,,"8/27/2020 7:31:33 PM","4096","8/27/2020 7:31:33 PM","8/27/2020 7:31:33 PM","CN=ESMWLPT1000001,OU=Test,OU=HRE,OU=Stage,DC=LAB,DC=local"
"FSRWLPT1000004$","FSRWLPT1000004",,"True",,"-",,"5","False","False",,,,"515","S-1-5-21-3291825774-2351178969-2332353497-4190","","Created with secframe.com/badblood.",,,"8/27/2020 7:32:22 PM","4096","8/27/2020 7:32:22 PM","8/27/2020 7:32:22 PM","CN=FSRWLPT1000004,OU=Test,OU=TST,OU=Stage,DC=LAB,DC=local"
"TSTWWKS1000001$","TSTWWKS1000001",,"True",,"-",,"5","False","False",,,,"515","S-1-5-21-3291825774-2351178969-2332353497-4150","","Created with secframe.com/badblood.",,,"8/27/2020 7:31:41 PM","4096","8/27/2020 7:31:41 PM","8/27/2020 7:31:41 PM","CN=TSTWWKS1000001,OU=T0-Roles,OU=Tier 0,OU=Admin,DC=LAB,DC=local"
"AWSWWKS1000003$","AWSWWKS1000003",,"True",,"-",,"5","False","False",,,,"515","S-1-5-21-3291825774-2351178969-2332353497-4248","","Created with secframe.com/badblood.",,,"8/27/2020 7:33:25 PM","4096","8/27/2020 7:33:25 PM","8/27/2020 7:33:25 PM","CN=AWSWWKS1000003,OU=Test,OU=ESM,OU=Stage,DC=LAB,DC=local"
"ITSWWEBS1000000$","ITSWWEBS1000000",,"True",,"-",,"5","False","False",,,,"515","S-1-5-21-3291825774-2351178969-2332353497-4182","","Created with secframe.com/badblood.",,,"8/27/2020 7:32:14 PM","4096","8/27/2020 7:32:14 PM","8/27/2020 7:32:14 PM","CN=ITSWWEBS1000000,OU=Test,OU=OGC,OU=Stage,DC=LAB,DC=local"
"FINWCTRX1000001$","FINWCTRX1000001",,"True",,"-",,"5","False","False",,,,"515","S-1-5-21-3291825774-2351178969-2332353497-4203","","Created with secframe.com/badblood.",,,"8/27/2020 7:32:35 PM","4096","8/27/2020 7:32:35 PM","8/27/2020 7:32:35 PM","CN=FINWCTRX1000001,OU=Test,OU=TST,OU=Tier 2,DC=LAB,DC=local"
"OGCWWKS1000003$","OGCWWKS1000003",,"True",,"-",,"5","False","False",,,,"515","S-1-5-21-3291825774-2351178969-2332353497-4234","","Created with secframe.com/badblood.",,,"8/27/2020 7:33:09 PM","4096","8/27/2020 7:33:09 PM","8/27/2020 7:33:09 PM","CN=OGCWWKS1000003,OU=Devices,OU=BDE,OU=Tier 1,DC=LAB,DC=local"
"HREWVIR1000000$","HREWVIR1000000",,"True",,"-",,"5","False","False",,,,"515","S-1-5-21-3291825774-2351178969-2332353497-4164","","Created with secframe.com/badblood.",,,"8/27/2020 7:31:54 PM","4096","8/27/2020 7:31:54 PM","8/27/2020 7:31:54 PM","CN=HREWVIR1000000,OU=ServiceAccounts,OU=AZR,OU=Stage,DC=LAB,DC=local"
"AWSWSECS1000000$","AWSWSECS1000000",,"True",,"-",,"5","False","False",,,,"515","S-1-5-21-3291825774-2351178969-2332353497-4191","","Created with secframe.com/badblood.",,,"8/27/2020 7:32:23 PM","4096","8/27/2020 7:32:23 PM","8/27/2020 7:32:23 PM","CN=AWSWSECS1000000,OU=ServiceAccounts,OU=HRE,OU=Tier 2,DC=LAB,DC=local"
"GOOWVIR1000000$","GOOWVIR1000000",,"True",,"-",,"5","False","False",,,,"515","S-1-5-21-3291825774-2351178969-2332353497-4151","","Created with secframe.com/badblood.",,,"8/27/2020 7:31:42 PM","4096","8/27/2020 7:31:42 PM","8/27/2020 7:31:42 PM","CN=GOOWVIR1000000,OU=Unassociated,OU=People,DC=LAB,DC=local"
"SECWLPT1000001$","SECWLPT1000001",,"True",,"-",,"5","False","False",,,,"515","S-1-5-21-3291825774-2351178969-2332353497-4183","","Created with secframe.com/badblood.",,,"8/27/2020 7:32:15 PM","4096","8/27/2020 7:32:15 PM","8/27/2020 7:32:15 PM","CN=SECWLPT1000001,OU=Devices,OU=ESM,OU=Tier 2,DC=LAB,DC=local"
"BDEWCTRX1000000$","BDEWCTRX1000000",,"True",,"-",,"5","False","False",,,,"515","S-1-5-21-3291825774-2351178969-2332353497-4249","","Created with secframe.com/badblood.",,,"8/27/2020 7:33:26 PM","4096","8/27/2020 7:33:26 PM","8/27/2020 7:33:26 PM","CN=BDEWCTRX1000000,OU=ServiceAccounts,OU=BDE,OU=Tier 2,DC=LAB,DC=local"
"AWSWWKS1000001$","AWSWWKS1000001",,"True",,"-",,"5","False","False",,,,"515","S-1-5-21-3291825774-2351178969-2332353497-4235","","Created with secframe.com/badblood.",,,"8/27/2020 7:33:10 PM","4096","8/27/2020 7:33:10 PM","8/27/2020 7:33:10 PM","CN=AWSWWKS1000001,OU=FIN,OU=Tier 2,DC=LAB,DC=local"
"GOOWVIR1000001$","GOOWVIR1000001",,"True",,"-",,"5","False","False",,,,"515","S-1-5-21-3291825774-2351178969-2332353497-4192","","Created with secframe.com/badblood.",,,"8/27/2020 7:32:24 PM","4096","8/27/2020 7:32:24 PM","8/27/2020 7:32:24 PM","CN=GOOWVIR1000001,OU=Devices,OU=FIN,OU=Tier 1,DC=LAB,DC=local"
"AZRWAPPS1000000$","AZRWAPPS1000000",,"True",,"-",,"5","False","False",,,,"515","S-1-5-21-3291825774-2351178969-2332353497-4143","","Created with secframe.com/badblood.",,,"8/27/2020 7:31:34 PM","4096","8/27/2020 7:31:34 PM","8/27/2020 7:31:34 PM","CN=AZRWAPPS1000000,OU=T2-Servers,OU=Tier 2,OU=Admin,DC=LAB,DC=local"
"FSRWSECS1000000$","FSRWSECS1000000",,"True",,"-",,"5","False","False",,,,"515","S-1-5-21-3291825774-2351178969-2332353497-4184","","Created with secframe.com/badblood.",,,"8/27/2020 7:32:16 PM","4096","8/27/2020 7:32:16 PM","8/27/2020 7:32:16 PM","CN=FSRWSECS1000000,OU=ServiceAccounts,OU=TST,OU=Stage,DC=LAB,DC=local"
"FSRWLPT1000001$","FSRWLPT1000001",,"True",,"-",,"5","False","False",,,,"515","S-1-5-21-3291825774-2351178969-2332353497-4152","","Created with secframe.com/badblood.",,,"8/27/2020 7:31:43 PM","4096","8/27/2020 7:31:43 PM","8/27/2020 7:31:43 PM","CN=FSRWLPT1000001,OU=ITS,OU=Stage,DC=LAB,DC=local"
"FINWWKS1000000$","FINWWKS1000000",,"True",,"-",,"5","False","False",,,,"515","S-1-5-21-3291825774-2351178969-2332353497-4250","","Created with secframe.com/badblood.",,,"8/27/2020 7:33:27 PM","4096","8/27/2020 7:33:27 PM","8/27/2020 7:33:27 PM","CN=FINWWKS1000000,OU=FSR,OU=Stage,DC=LAB,DC=local"
"TSTWSECS1000000$","TSTWSECS1000000",,"True",,"-",,"5","False","False",,,,"515","S-1-5-21-3291825774-2351178969-2332353497-4204","","Created with secframe.com/badblood.",,,"8/27/2020 7:32:36 PM","4096","8/27/2020 7:32:36 PM","8/27/2020 7:32:36 PM","CN=TSTWSECS1000000,OU=Devices,OU=AWS,OU=Tier 2,DC=LAB,DC=local"
"GOOWSECS1000000$","GOOWSECS1000000",,"True",,"-",,"5","False","False",,,,"515","S-1-5-21-3291825774-2351178969-2332353497-4236","","Created with secframe.com/badblood.",,,"8/27/2020 7:33:11 PM","4096","8/27/2020 7:33:11 PM","8/27/2020 7:33:11 PM","CN=GOOWSECS1000000,OU=ServiceAccounts,OU=GOO,OU=Tier 1,DC=LAB,DC=local"
"ESMWDBAS1000000$","ESMWDBAS1000000",,"True",,"-",,"5","False","False",,,,"515","S-1-5-21-3291825774-2351178969-2332353497-4193","","Created with secframe.com/badblood.",,,"8/27/2020 7:32:25 PM","4096","8/27/2020 7:32:25 PM","8/27/2020 7:32:25 PM","CN=ESMWDBAS1000000,OU=AWS,OU=Stage,DC=LAB,DC=local"
"TSTWCTRX1000000$","TSTWCTRX1000000",,"True",,"-",,"5","False","False",,,,"515","S-1-5-21-3291825774-2351178969-2332353497-4185","","Created with secframe.com/badblood.",,,"8/27/2020 7:32:17 PM","4096","8/27/2020 7:32:17 PM","8/27/2020 7:32:17 PM","CN=TSTWCTRX1000000,OU=AZR,OU=Tier 1,DC=LAB,DC=local"
"FSRWWKS1000000$","FSRWWKS1000000",,"True",,"-",,"5","False","False",,,,"515","S-1-5-21-3291825774-2351178969-2332353497-4251","","Created with secframe.com/badblood.",,,"8/27/2020 7:33:28 PM","4096","8/27/2020 7:33:28 PM","8/27/2020 7:33:28 PM","CN=FSRWWKS1000000,OU=ServiceAccounts,OU=ITS,OU=Stage,DC=LAB,DC=local"
"FINWAPPS1000000$","FINWAPPS1000000",,"True",,"-",,"5","False","False",,,,"515","S-1-5-21-3291825774-2351178969-2332353497-4153","","Created with secframe.com/badblood.",,,"8/27/2020 7:31:44 PM","4096","8/27/2020 7:31:44 PM","8/27/2020 7:31:44 PM","CN=FINWAPPS1000000,OU=Groups,OU=BDE,OU=Tier 1,DC=LAB,DC=local"
"GOOWWKS1000001$","GOOWWKS1000001",,"True",,"-",,"5","False","False",,,,"515","S-1-5-21-3291825774-2351178969-2332353497-4237","","Created with secframe.com/badblood.",,,"8/27/2020 7:33:12 PM","4096","8/27/2020 7:33:12 PM","8/27/2020 7:33:13 PM","CN=GOOWWKS1000001,OU=Tier 1,DC=LAB,DC=local"
"ITSWVIR1000004$","ITSWVIR1000004",,"True",,"-",,"5","False","False",,,,"515","S-1-5-21-3291825774-2351178969-2332353497-4256","","Created with secframe.com/badblood.",,,"8/27/2020 7:33:32 PM","4096","8/27/2020 7:33:32 PM","8/27/2020 7:33:32 PM","CN=ITSWVIR1000004,OU=Groups,OU=HRE,OU=Stage,DC=LAB,DC=local"
"HREWDBAS1000001$","HREWDBAS1000001",,"True",,"-",,"5","False","False",,,,"515","S-1-5-21-3291825774-2351178969-2332353497-4252","","Created with secframe.com/badblood.",,,"8/27/2020 7:33:29 PM","4096","8/27/2020 7:33:29 PM","8/27/2020 7:33:29 PM","CN=HREWDBAS1000001,OU=AZR,OU=Tier 2,DC=LAB,DC=local"
"TSTWWEBS1000001$","TSTWWEBS1000001",,"True",,"-",,"5","False","False",,,,"515","S-1-5-21-3291825774-2351178969-2332353497-4205","","Created with secframe.com/badblood.",,,"8/27/2020 7:32:37 PM","4096","8/27/2020 7:32:37 PM","8/27/2020 7:32:37 PM","CN=TSTWWEBS1000001,OU=Devices,OU=AZR,OU=Tier 2,DC=LAB,DC=local"
"GOOWCTRX1000000$","GOOWCTRX1000000",,"True",,"-",,"5","False","False",,,,"515","S-1-5-21-3291825774-2351178969-2332353497-4154","","Created with secframe.com/badblood.",,,"8/27/2020 7:31:45 PM","4096","8/27/2020 7:31:45 PM","8/27/2020 7:31:45 PM","CN=GOOWCTRX1000000,OU=Groups,OU=FSR,OU=Tier 2,DC=LAB,DC=local"
"AWSWVIR1000000$","AWSWVIR1000000",,"True",,"-",,"5","False","False",,,,"515","S-1-5-21-3291825774-2351178969-2332353497-4220","","Created with secframe.com/badblood.",,,"8/27/2020 7:32:55 PM","4096","8/27/2020 7:32:55 PM","8/27/2020 7:32:55 PM","CN=AWSWVIR1000000,OU=Deprovisioned,OU=People,DC=LAB,DC=local"
"OGCWVIR1000000$","OGCWVIR1000000",,"True",,"-",,"5","False","False",,,,"515","S-1-5-21-3291825774-2351178969-2332353497-4253","","Created with secframe.com/badblood.",,,"8/27/2020 7:33:30 PM","4096","8/27/2020 7:33:30 PM","8/27/2020 7:33:30 PM","CN=OGCWVIR1000000,OU=OGC,OU=Tier 2,DC=LAB,DC=local"
"FINWLPT1000000$","FINWLPT1000000",,"True",,"-",,"5","False","False",,,,"515","S-1-5-21-3291825774-2351178969-2332353497-4238","","Created with secframe.com/badblood.",,,"8/27/2020 7:33:14 PM","4096","8/27/2020 7:33:14 PM","8/27/2020 7:33:14 PM","CN=FINWLPT1000000,OU=AZR,OU=Tier 2,DC=LAB,DC=local"
"FSRWWKS1000001$","FSRWWKS1000001",,"True",,"-",,"5","False","False",,,,"515","S-1-5-21-3291825774-2351178969-2332353497-4257","","Created with secframe.com/badblood.",,,"8/27/2020 7:33:34 PM","4096","8/27/2020 7:33:34 PM","8/27/2020 7:33:34 PM","CN=FSRWWKS1000001,OU=Groups,OU=SEC,OU=Tier 2,DC=LAB,DC=local"
"GOOWDBAS1000000$","GOOWDBAS1000000",,"True",,"-",,"5","False","False",,,,"515","S-1-5-21-3291825774-2351178969-2332353497-4155","","Created with secframe.com/badblood.",,,"8/27/2020 7:31:45 PM","4096","8/27/2020 7:31:45 PM","8/27/2020 7:31:45 PM","CN=GOOWDBAS1000000,OU=Groups,OU=BDE,OU=Tier 1,DC=LAB,DC=local"
"AWSWAPPS1000002$","AWSWAPPS1000002",,"True",,"-",,"5","False","False",,,,"515","S-1-5-21-3291825774-2351178969-2332353497-4254","","Created with secframe.com/badblood.",,,"8/27/2020 7:33:30 PM","4096","8/27/2020 7:33:30 PM","8/27/2020 7:33:30 PM","CN=AWSWAPPS1000002,OU=Devices,OU=FIN,OU=Stage,DC=LAB,DC=local"
"TSTWSECS1000001$","TSTWSECS1000001",,"True",,"-",,"5","False","False",,,,"515","S-1-5-21-3291825774-2351178969-2332353497-4221","","Created with secframe.com/badblood.",,,"8/27/2020 7:32:56 PM","4096","8/27/2020 7:32:56 PM","8/27/2020 7:32:56 PM","CN=TSTWSECS1000001,OU=GOO,OU=Tier 2,DC=LAB,DC=local"
"GOOWAPPS1000001$","GOOWAPPS1000001",,"True",,"-",,"5","False","False",,,,"515","S-1-5-21-3291825774-2351178969-2332353497-4239","","Created with secframe.com/badblood.",,,"8/27/2020 7:33:15 PM","4096","8/27/2020 7:33:15 PM","8/27/2020 7:33:15 PM","CN=GOOWAPPS1000001,OU=ServiceAccounts,OU=AWS,OU=Tier 2,DC=LAB,DC=local"
"OGCWVIR1000001$","OGCWVIR1000001",,"True",,"-",,"5","False","False",,,,"515","S-1-5-21-3291825774-2351178969-2332353497-4258","","Created with secframe.com/badblood.",,,"8/27/2020 7:33:35 PM","4096","8/27/2020 7:33:35 PM","8/27/2020 7:33:35 PM","CN=OGCWVIR1000001,OU=AZR,OU=Stage,DC=LAB,DC=local"
"BDEWVIR1000000$","BDEWVIR1000000",,"True",,"-",,"5","False","False",,,,"515","S-1-5-21-3291825774-2351178969-2332353497-4156","","Created with secframe.com/badblood.",,,"8/27/2020 7:31:46 PM","4096","8/27/2020 7:31:46 PM","8/27/2020 7:31:46 PM","CN=BDEWVIR1000000,OU=ServiceAccounts,OU=AZR,OU=Tier 1,DC=LAB,DC=local"
"ESMWVIR1000000$","ESMWVIR1000000",,"True",,"-",,"5","False","False",,,,"515","S-1-5-21-3291825774-2351178969-2332353497-4206","","Created with secframe.com/badblood.",,,"8/27/2020 7:32:38 PM","4096","8/27/2020 7:32:38 PM","8/27/2020 7:32:38 PM","CN=ESMWVIR1000000,OU=ServiceAccounts,OU=FIN,OU=Tier 1,DC=LAB,DC=local"
"FSRWSECS1000001$","FSRWSECS1000001",,"True",,"-",,"5","False","False",,,,"515","S-1-5-21-3291825774-2351178969-2332353497-4255","","Created with secframe.com/badblood.",,,"8/27/2020 7:33:31 PM","4096","8/27/2020 7:33:31 PM","8/27/2020 7:33:31 PM","CN=FSRWSECS1000001,OU=Quarantine,DC=LAB,DC=local"
"FSRWDBAS1000000$","FSRWDBAS1000000",,"True",,"-",,"5","False","False",,,,"515","S-1-5-21-3291825774-2351178969-2332353497-4222","","Created with secframe.com/badblood.",,,"8/27/2020 7:32:57 PM","4096","8/27/2020 7:32:57 PM","8/27/2020 7:32:57 PM","CN=FSRWDBAS1000000,OU=Devices,OU=GOO,OU=Tier 1,DC=LAB,DC=local"
"FINWAPPS1000001$","FINWAPPS1000001",,"True",,"-",,"5","False","False",,,,"515","S-1-5-21-3291825774-2351178969-2332353497-4165","","Created with secframe.com/badblood.",,,"8/27/2020 7:31:55 PM","4096","8/27/2020 7:31:55 PM","8/27/2020 7:31:55 PM","CN=FINWAPPS1000001,OU=ServiceAccounts,OU=AZR,OU=Stage,DC=LAB,DC=local"
"GOOWLPT1000001$","GOOWLPT1000001",,"True",,"-",,"5","False","False",,,,"515","S-1-5-21-3291825774-2351178969-2332353497-4259","","Created with secframe.com/badblood.",,,"8/27/2020 7:33:35 PM","4096","8/27/2020 7:33:35 PM","8/27/2020 7:33:36 PM","CN=GOOWLPT1000001,OU=Stage,DC=LAB,DC=local"
"GOOWWEBS1000001$","GOOWWEBS1000001",,"True",,"-",,"5","False","False",,,,"515","S-1-5-21-3291825774-2351178969-2332353497-4240","","Created with secframe.com/badblood.",,,"8/27/2020 7:33:16 PM","4096","8/27/2020 7:33:16 PM","8/27/2020 7:33:16 PM","CN=GOOWWEBS1000001,OU=Groups,OU=AWS,OU=Tier 2,DC=LAB,DC=local"
"FINWAPPS1000002$","FINWAPPS1000002",,"True",,"-",,"5","False","False",,,,"515","S-1-5-21-3291825774-2351178969-2332353497-4223","","Created with secframe.com/badblood.",,,"8/27/2020 7:32:58 PM","4096","8/27/2020 7:32:58 PM","8/27/2020 7:32:58 PM","CN=FINWAPPS1000002,OU=T1-Permissions,OU=Tier 1,OU=Admin,DC=LAB,DC=local"
"AWSWAPPS1000000$","AWSWAPPS1000000",,"True",,"-",,"5","False","False",,,,"515","S-1-5-21-3291825774-2351178969-2332353497-4157","","Created with secframe.com/badblood.",,,"8/27/2020 7:31:47 PM","4096","8/27/2020 7:31:47 PM","8/27/2020 7:31:47 PM","CN=AWSWAPPS1000000,OU=TST,OU=Stage,DC=LAB,DC=local"
"TSTWWEBS1000002$","TSTWWEBS1000002",,"True",,"-",,"5","False","False",,,,"515","S-1-5-21-3291825774-2351178969-2332353497-4260","","Created with secframe.com/badblood.",,,"8/27/2020 7:33:36 PM","4096","8/27/2020 7:33:36 PM","8/27/2020 7:33:36 PM","CN=TSTWWEBS1000002,OU=BDE,OU=Tier 1,DC=LAB,DC=local"
"GOOWLPT1000000$","GOOWLPT1000000",,"True",,"-",,"5","False","False",,,,"515","S-1-5-21-3291825774-2351178969-2332353497-4224","","Created with secframe.com/badblood.",,,"8/27/2020 7:33:00 PM","4096","8/27/2020 7:33:00 PM","8/27/2020 7:33:00 PM","CN=GOOWLPT1000000,OU=Test,OU=HRE,OU=Tier 1,DC=LAB,DC=local"
"AWSWWKS1000002$","AWSWWKS1000002",,"True",,"-",,"5","False","False",,,,"515","S-1-5-21-3291825774-2351178969-2332353497-4241","","Created with secframe.com/badblood.",,,"8/27/2020 7:33:17 PM","4096","8/27/2020 7:33:17 PM","8/27/2020 7:33:17 PM","CN=AWSWWKS1000002,OU=SEC,OU=Tier 2,DC=LAB,DC=local"
"OGCWWKS1000000$","OGCWWKS1000000",,"True",,"-",,"5","False","False",,,,"515","S-1-5-21-3291825774-2351178969-2332353497-4207","","Created with secframe.com/badblood.",,,"8/27/2020 7:32:39 PM","4096","8/27/2020 7:32:39 PM","8/27/2020 7:32:39 PM","CN=OGCWWKS1000000,OU=ITS,OU=Stage,DC=LAB,DC=local"
"AWSWLPT1000000$","AWSWLPT1000000",,"True",,"-",,"5","False","False",,,,"515","S-1-5-21-3291825774-2351178969-2332353497-4166","","Created with secframe.com/badblood.",,,"8/27/2020 7:31:56 PM","4096","8/27/2020 7:31:56 PM","8/27/2020 7:31:56 PM","CN=AWSWLPT1000000,OU=T1-Accounts,OU=Tier 1,OU=Admin,DC=LAB,DC=local"
"AZRWSECS1000001$","AZRWSECS1000001",,"True",,"-",,"5","False","False",,,,"515","S-1-5-21-3291825774-2351178969-2332353497-4261","","Created with secframe.com/badblood.",,,"8/27/2020 7:33:37 PM","4096","8/27/2020 7:33:37 PM","8/27/2020 7:33:38 PM","CN=AZRWSECS1000001,OU=Test,OU=BDE,OU=Tier 1,DC=LAB,DC=local"
"ESMWWKS1000000$","ESMWWKS1000000",,"True",,"-",,"5","False","False",,,,"515","S-1-5-21-3291825774-2351178969-2332353497-4225","","Created with secframe.com/badblood.",,,"8/27/2020 7:33:00 PM","4096","8/27/2020 7:33:00 PM","8/27/2020 7:33:01 PM","CN=ESMWWKS1000000,OU=Test,OU=FIN,OU=Stage,DC=LAB,DC=local"
"FINWDBAS1000001$","FINWDBAS1000001",,"True",,"-",,"5","False","False",,,,"515","S-1-5-21-3291825774-2351178969-2332353497-4194","","Created with secframe.com/badblood.",,,"8/27/2020 7:32:26 PM","4096","8/27/2020 7:32:26 PM","8/27/2020 7:32:26 PM","CN=FINWDBAS1000001,OU=T1-Permissions,OU=Tier 1,OU=Admin,DC=LAB,DC=local"
"HREWLPT1000000$","HREWLPT1000000",,"True",,"-",,"5","False","False",,,,"515","S-1-5-21-3291825774-2351178969-2332353497-4167","","Created with secframe.com/badblood.",,,"8/27/2020 7:31:58 PM","4096","8/27/2020 7:31:58 PM","8/27/2020 7:31:58 PM","CN=HREWLPT1000000,OU=Test,OU=GOO,OU=Tier 2,DC=LAB,DC=local"
"ESMWAPPS1000000$","ESMWAPPS1000000",,"True",,"-",,"5","False","False",,,,"515","S-1-5-21-3291825774-2351178969-2332353497-4226","","Created with secframe.com/badblood.",,,"8/27/2020 7:33:01 PM","4096","8/27/2020 7:33:01 PM","8/27/2020 7:33:01 PM","CN=ESMWAPPS1000000,OU=T0-Permissions,OU=Tier 0,OU=Admin,DC=LAB,DC=local"
"AZRWWKS1000001$","AZRWWKS1000001",,"True",,"-",,"5","False","False",,,,"515","S-1-5-21-3291825774-2351178969-2332353497-4262","","Created with secframe.com/badblood.",,,"8/27/2020 7:33:38 PM","4096","8/27/2020 7:33:38 PM","8/27/2020 7:33:38 PM","CN=AZRWWKS1000001,OU=ServiceAccounts,OU=GOO,OU=Tier 2,DC=LAB,DC=local"
"AWSWDBAS1000000$","AWSWDBAS1000000",,"True",,"-",,"5","False","False",,,,"515","S-1-5-21-3291825774-2351178969-2332353497-4168","","Created with secframe.com/badblood.",,,"8/27/2020 7:31:58 PM","4096","8/27/2020 7:31:58 PM","8/27/2020 7:31:58 PM","CN=AWSWDBAS1000000,OU=Staging,OU=Admin,DC=LAB,DC=local"
"SECWLPT1000002$","SECWLPT1000002",,"True",,"-",,"5","False","False",,,,"515","S-1-5-21-3291825774-2351178969-2332353497-4195","","Created with secframe.com/badblood.",,,"8/27/2020 7:32:27 PM","4096","8/27/2020 7:32:27 PM","8/27/2020 7:32:27 PM","CN=SECWLPT1000002,OU=Groups,OU=ITS,OU=Tier 1,DC=LAB,DC=local"
"ITSWWKS1000001$","ITSWWKS1000001",,"True",,"-",,"5","False","False",,,,"515","S-1-5-21-3291825774-2351178969-2332353497-4227","","Created with secframe.com/badblood.",,,"8/27/2020 7:33:02 PM","4096","8/27/2020 7:33:02 PM","8/27/2020 7:33:02 PM","CN=ITSWWKS1000001,OU=Devices,OU=OGC,OU=Stage,DC=LAB,DC=local"
"BDEWSECS1000000$","BDEWSECS1000000",,"True",,"-",,"5","False","False",,,,"515","S-1-5-21-3291825774-2351178969-2332353497-4208","","Created with secframe.com/badblood.",,,"8/27/2020 7:32:40 PM","4096","8/27/2020 7:32:40 PM","8/27/2020 7:32:40 PM","CN=BDEWSECS1000000,OU=Test,OU=GOO,OU=Tier 2,DC=LAB,DC=local"
"FSRWLPT1000002$","FSRWLPT1000002",,"True",,"-",,"5","False","False",,,,"515","S-1-5-21-3291825774-2351178969-2332353497-4169","","Created with secframe.com/badblood.",,,"8/27/2020 7:31:59 PM","4096","8/27/2020 7:31:59 PM","8/27/2020 7:31:59 PM","CN=FSRWLPT1000002,OU=T0-Permissions,OU=Tier 0,OU=Admin,DC=LAB,DC=local"
"ITSWWKS1000002$","ITSWWKS1000002",,"True",,"-",,"5","False","False",,,,"515","S-1-5-21-3291825774-2351178969-2332353497-4263","","Created with secframe.com/badblood.",,,"8/27/2020 7:33:39 PM","4096","8/27/2020 7:33:39 PM","8/27/2020 7:33:39 PM","CN=ITSWWKS1000002,OU=TST,OU=Tier 1,DC=LAB,DC=local"
"ESMWCTRX1000002$","ESMWCTRX1000002",,"True",,"-",,"5","False","False",,,,"515","S-1-5-21-3291825774-2351178969-2332353497-4196","","Created with secframe.com/badblood.",,,"8/27/2020 7:32:28 PM","4096","8/27/2020 7:32:28 PM","8/27/2020 7:32:28 PM","CN=ESMWCTRX1000002,OU=workstation_test_OU,DC=LAB,DC=local"
"FSRWAPPS1000001$","FSRWAPPS1000001",,"True",,"-",,"5","False","False",,,,"515","S-1-5-21-3291825774-2351178969-2332353497-4170","","Created with secframe.com/badblood.",,,"8/27/2020 7:32:00 PM","4096","8/27/2020 7:32:00 PM","8/27/2020 7:32:00 PM","CN=FSRWAPPS1000001,OU=Groups,OU=ESM,OU=Tier 1,DC=LAB,DC=local"
"OGCWSECS1000001$","OGCWSECS1000001",,"True",,"-",,"5","False","False",,,,"515","S-1-5-21-3291825774-2351178969-2332353497-4264","","Created with secframe.com/badblood.",,,"8/27/2020 7:33:40 PM","4096","8/27/2020 7:33:40 PM","8/27/2020 7:33:40 PM","CN=OGCWSECS1000001,OU=Devices,OU=GOO,OU=Stage,DC=LAB,DC=local"
"ITSWVIR1000002$","ITSWVIR1000002",,"True",,"-",,"5","False","False",,,,"515","S-1-5-21-3291825774-2351178969-2332353497-4197","","Created with secframe.com/badblood.",,,"8/27/2020 7:32:28 PM","4096","8/27/2020 7:32:28 PM","8/27/2020 7:32:28 PM","CN=ITSWVIR1000002,OU=TST,OU=Stage,DC=LAB,DC=local"
"AWSWWEBS1000000$","AWSWWEBS1000000",,"True",,"-",,"5","False","False",,,,"515","S-1-5-21-3291825774-2351178969-2332353497-4171","","Created with secframe.com/badblood.",,,"8/27/2020 7:32:02 PM","4096","8/27/2020 7:32:02 PM","8/27/2020 7:32:02 PM","CN=AWSWWEBS1000000,OU=ServiceAccounts,OU=FIN,OU=Stage,DC=LAB,DC=local"
"AWSWLPT1000002$","AWSWLPT1000002",,"True",,"-",,"5","False","False",,,,"515","S-1-5-21-3291825774-2351178969-2332353497-4209","","Created with secframe.com/badblood.",,,"8/27/2020 7:32:42 PM","4096","8/27/2020 7:32:42 PM","8/27/2020 7:32:42 PM","CN=AWSWLPT1000002,OU=Test,OU=OGC,OU=Tier 1,DC=LAB,DC=local"
"FSRWAPPS1000002$","FSRWAPPS1000002",,"True",,"-",,"5","False","False",,,,"515","S-1-5-21-3291825774-2351178969-2332353497-4265","","Created with secframe.com/badblood.",,,"8/27/2020 7:33:41 PM","4096","8/27/2020 7:33:41 PM","8/27/2020 7:33:41 PM","CN=FSRWAPPS1000002,OU=Test,OU=BDE,OU=Tier 2,DC=LAB,DC=local"
"FSRWVIR1000000$","FSRWVIR1000000",,"True",,"-",,"5","False","False",,,,"515","S-1-5-21-3291825774-2351178969-2332353497-4198","","Created with secframe.com/badblood.",,,"8/27/2020 7:32:29 PM","4096","8/27/2020 7:32:29 PM","8/27/2020 7:32:29 PM","CN=FSRWVIR1000000,OU=Test,OU=FSR,OU=Stage,DC=LAB,DC=local"
"FINWSECS1000000$","FINWSECS1000000",,"True",,"-",,"5","False","False",,,,"515","S-1-5-21-3291825774-2351178969-2332353497-4266","","Created with secframe.com/badblood.",,,"8/27/2020 7:33:42 PM","4096","8/27/2020 7:33:42 PM","8/27/2020 7:33:42 PM","CN=FINWSECS1000000,OU=GOO,OU=Tier 2,DC=LAB,DC=local"
"BDEWVIR1000001$","BDEWVIR1000001",,"True",,"-",,"5","False","False",,,,"515","S-1-5-21-3291825774-2351178969-2332353497-4199","","Created with secframe.com/badblood.",,,"8/27/2020 7:32:30 PM","4096","8/27/2020 7:32:30 PM","8/27/2020 7:32:30 PM","CN=BDEWVIR1000001,OU=Test,OU=SEC,OU=Tier 1,DC=LAB,DC=local"
"GOOWWKS1000000$","GOOWWKS1000000",,"True",,"-",,"5","False","False",,,,"515","S-1-5-21-3291825774-2351178969-2332353497-4210","","Created with secframe.com/badblood.",,,"8/27/2020 7:32:43 PM","4096","8/27/2020 7:32:43 PM","8/27/2020 7:32:43 PM","CN=GOOWWKS1000000,OU=Test,OU=SEC,OU=Tier 2,DC=LAB,DC=local"
"SECWAPPS1000000$","SECWAPPS1000000",,"True",,"-",,"5","False","False",,,,"515","S-1-5-21-3291825774-2351178969-2332353497-4267","","Created with secframe.com/badblood.",,,"8/27/2020 7:33:43 PM","4096","8/27/2020 7:33:43 PM","8/27/2020 7:33:43 PM","CN=SECWAPPS1000000,OU=Devices,OU=GOO,OU=Stage,DC=LAB,DC=local"
"AZRWSECS1000002$","AZRWSECS1000002",,"True",,"-",,"5","False","False",,,,"515","S-1-5-21-3291825774-2351178969-2332353497-4268","","Created with secframe.com/badblood.",,,"8/27/2020 7:33:44 PM","4096","8/27/2020 7:33:44 PM","8/27/2020 7:33:44 PM","CN=AZRWSECS1000002,OU=HRE,OU=People,DC=LAB,DC=local"
"ITSWCTRX1000000$","ITSWCTRX1000000",,"True",,"-",,"5","False","False",,,,"515","S-1-5-21-3291825774-2351178969-2332353497-4269","","Created with secframe.com/badblood.",,,"8/27/2020 7:33:46 PM","4096","8/27/2020 7:33:46 PM","8/27/2020 7:33:46 PM","CN=ITSWCTRX1000000,OU=Test,OU=ESM,OU=Tier 1,DC=LAB,DC=local"
"HREWVIR1000001$","HREWVIR1000001",,"True",,"-",,"5","False","False",,,,"515","S-1-5-21-3291825774-2351178969-2332353497-4211","","Created with secframe.com/badblood.",,,"8/27/2020 7:32:44 PM","4096","8/27/2020 7:32:44 PM","8/27/2020 7:32:44 PM","CN=HREWVIR1000001,OU=BDE,OU=People,DC=LAB,DC=local"
"TSTWWKS1000002$","TSTWWKS1000002",,"True",,"-",,"5","False","False",,,,"515","S-1-5-21-3291825774-2351178969-2332353497-4270","","Created with secframe.com/badblood.",,,"8/27/2020 7:33:47 PM","4096","8/27/2020 7:33:47 PM","8/27/2020 7:33:47 PM","CN=TSTWWKS1000002,OU=T2-Accounts,OU=Tier 2,OU=Admin,DC=LAB,DC=local"
"SECWVIR1000001$","SECWVIR1000001",,"True",,"-",,"5","False","False",,,,"515","S-1-5-21-3291825774-2351178969-2332353497-4212","","Created with secframe.com/badblood.",,,"8/27/2020 7:32:45 PM","4096","8/27/2020 7:32:45 PM","8/27/2020 7:32:45 PM","CN=SECWVIR1000001,OU=Test,OU=AZR,OU=Stage,DC=LAB,DC=local"
"ESMWVIR1000001$","ESMWVIR1000001",,"True",,"-",,"5","False","False",,,,"515","S-1-5-21-3291825774-2351178969-2332353497-4271","","Created with secframe.com/badblood.",,,"8/27/2020 7:33:48 PM","4096","8/27/2020 7:33:48 PM","8/27/2020 7:33:48 PM","CN=ESMWVIR1000001,OU=OGC,OU=Stage,DC=LAB,DC=local"
"SECWVIR1000002$","SECWVIR1000002",,"True",,"-",,"5","False","False",,,,"515","S-1-5-21-3291825774-2351178969-2332353497-4213","","Created with secframe.com/badblood.",,,"8/27/2020 7:32:47 PM","4096","8/27/2020 7:32:47 PM","8/27/2020 7:32:47 PM","CN=SECWVIR1000002,OU=Test,OU=OGC,OU=Tier 2,DC=LAB,DC=local"
"FSRWSECS1000002$","FSRWSECS1000002",,"True",,"-",,"5","False","False",,,,"515","S-1-5-21-3291825774-2351178969-2332353497-4272","","Created with secframe.com/badblood.",,,"8/27/2020 7:33:49 PM","4096","8/27/2020 7:33:49 PM","8/27/2020 7:33:49 PM","CN=FSRWSECS1000002,OU=Devices,OU=AZR,OU=Tier 1,DC=LAB,DC=local"
"FINWDBAS1000003$","FINWDBAS1000003",,"True",,"-",,"5","False","False",,,,"515","S-1-5-21-3291825774-2351178969-2332353497-4273","","Created with secframe.com/badblood.",,,"8/27/2020 7:33:50 PM","4096","8/27/2020 7:33:50 PM","8/27/2020 7:33:50 PM","CN=FINWDBAS1000003,OU=Groups,OU=BDE,OU=Tier 1,DC=LAB,DC=local"
"IEWIN7$","IEWIN7","IEWIN7.LAB.local","True",,"Windows 7 Enterprise Service Pack 1 6.1 (7601)","0","0","False","False",,,,"515","S-1-5-21-3291825774-2351178969-2332353497-4277","","",,"9/2/2020 1:22:15 AM","9/2/2020 1:22:15 AM","4096","9/2/2020 1:22:15 AM","9/2/2020 1:22:43 AM","CN=IEWIN7,CN=Computers,DC=LAB,DC=local"
